M0.#,H.#
M0.1.1,H.1.1
M0.1.2,H.1.1
M0.1.3,H.1.1
M0.1.4,H.1.1
M0.1.5,H.1.1
M0.1.6,H.1.1
M0.1.7,H.1.1
M0.1.8,H.1.1
M0.1.9,H.1.1
M0.1.10,H.1.1
M0.2.1,None
M0.2.2,None
M0.2.3,None
M0.2.4,None
M0.3.1,H.3.1
M0.3.2,H.3.1
M0.3.3,H.3.1
M0.3.4,None
M0.4.1,H.4.7
M0.4.2,H.4.7
M0.4.3,H.4.7
M0.5.1,H.5.1
M0.5.2,None
M0.5.3,None
M0.6.1,H.6.1
M0.6.2,None
M0.7.1,None
M0.7.2,H.7.2
M0.7.3,H.7.1
M0.8.1,H.8.1
M0.9.1,H.9.1
M0.9.2,H.9.2
M0.9.3,H.9.3
M0.9.4,H.9.1
M0.9.5,H.9.3
M0.9.6,H.9.1
M0.10.1,H.10.1
M0.10.2,H.10.2
M0.10.3,None
M0.10.4,H.10.1
M0.10.4,H.10.2
M0.10.5,None
M0.10.6,None
M0.10.7,H.10.3
