L0_iv.#,H.#
L0_iv.1.1,H.1.1
L0_iv.1.2,H.1.1
L0_iv.1.3,H.1.1
L0_iv.2.1,H.2.1
L0_iv.2.2,H.2.1
L0_iv.2.3,H.2.1
L0_iv.3.1,H.3.1
L0_iv.3.2,H.3.1
L0_iv.3.3,H.3.1
L0_iv.3.4,H.3.1
L0_iv.3.5,H.3.2
L0_iv.3.5,H.3.5
L0_iv.4.1,H.4.1
L0_iv.4.1,H.4.2
L0_iv.4.1,H.4.3
L0_iv.4.1,H.4.5
L0_iv.4.1,H.4.7
L0_iv.4.2,H.4.1
L0_iv.4.2,H.4.2
L0_iv.4.2,H.4.3
L0_iv.4.3,H.4.1
L0_iv.4.3,H.4.2
L0_iv.4.3,H.4.3
L0_iv.5.1,H.5.1
L0_iv.5.1,H.5.2
L0_iv.5.2,H.5.1
L0_iv.5.3,None
L0_iv.6.1,None
L0_iv.6.2,None
L0_iv.6.3,None
L0_iv.7.1,H.7.1
L0_iv.7.2,H.7.1
L0_iv.7.3,H.7.1
L0_iv.7.4,H.7.2
L0_iv.7.4,H.7.3
L0_iv.7.5,None
L0_iv.8.1,H.8.1
L0_iv.8.2,None
L0_iv.8.3,H.8.1
L0_iv.9.1,H.9.1
L0_iv.9.2,H.9.2
L0_iv.9.3,H.9.3
L0_iv.10.1,None
L0_iv.10.2,None
L0_iv.10.3,H.10.2
L0_iv.10.3,H.10.3
L0_iv.10.4,None
L0_iv.10.5,None
