M2.#,H.#
M2.1.1,H.1.1
M2.1.2,H.1.1
M2.1.3,H.1.1
M2.2.1,None
M2.2.2,None
M2.2.3,None
M2.2.4,None
M2.2.5,None
M2.3.1,H.3.1
M2.3.2,H.3.1
M2.3.3,H.3.1
M2.4.1,H.4.1
M2.4.1,H.4.2
M2.4.1,H.4.3
M2.4.1,H.4.4
M2.4.1,H.4.5
M2.4.1,H.4.7
M2.4.2,H.4.8
M2.4.3,H.4.1
M2.4.3,H.4.2
M2.4.3,H.4.3
M2.4.3,H.4.4
M2.4.3,H.4.5
M2.5.1,H.5.1
M2.5.2,H.5.1
M2.5.3,H.5.1
M2.5.4,H.5.1
M2.6.1,H.6.1
M2.6.2,H.6.1
M2.7.1,H.7.1
M2.7.1,H.7.2
M2.7.2,None
M2.7.3,H.7.1
M2.7.3,H.7.2
M2.7.4,H.7.1
M2.7.4,H.7.2
M2.8.1,H.8.1
M2.8.2,None
M2.8.3,None
M2.8.4,None
M2.8.5,None
M2.9.1,H.9.3
M2.9.2,None
M2.9.3,H.9.1
M2.10.1,H.10.1
M2.10.2,None
M2.10.3,None
M2.10.4,None
M2.10.5,None
M2.10.6,H.10.2
