H.#,Q0_iii.#
H.1.1,Q0_iii.1.1
H.1.2,None
H.2.1,Q0_iii.2.1
H.2.1,Q0_iii.2.2
H.2.2,None
H.3.1,Q0_iii.3.1
H.3.1,Q0_iii.3.2
H.3.2,None
H.3.3,None
H.3.4,Q0_iii.3.1
H.3.5,None
H.4.1,Q0_iii.4.1
H.4.2,Q0_iii.4.1
H.4.3,Q0_iii.4.1
H.4.4,Q0_iii.4.1
H.4.5,Q0_iii.4.1
H.4.6,None
H.4.7,Q0_iii.4.1
H.4.8,Q0_iii.4.2
H.5.1,Q0_iii.5.1
H.5.2,Q0_iii.5.1
H.6.1,Q0_iii.6.1
H.6.1,Q0_iii.6.2
H.6.1,Q0_iii.6.3
H.6.1,Q0_iii.6.4
H.6.1,Q0_iii.6.5
H.6.1,Q0_iii.6.6
H.7.1,Q0_iii.7.1
H.7.2,None
H.7.3,Q0_iii.7.3
H.8.1,Q0_iii.8.1
H.9.1,Q0_iii.9.2
H.9.1,Q0_iii.9.3
H.9.2,None
H.9.3,Q0_iii.9.1
H.10.1,Q0_iii.10.1
H.10.2,None
H.10.3,None
