H.#,Q0_iv.#
H.1.1,Q0_iv.1.1
H.1.2,Q0_iv.1.2
H.2.1,Q0_iv.2.1
H.2.2,None
H.3.1,Q0_iv.3.2
H.3.2,None
H.3.3,None
H.3.4,Q0_iv.3.2
H.3.5,None
H.4.1,Q0_iv.4.1
H.4.2,Q0_iv.4.1
H.4.2,Q0_iv.4.5
H.4.3,Q0_iv.4.1
H.4.4,Q0_iv.4.1
H.4.5,Q0_iv.4.1
H.4.6,Q0_iv.4.2
H.4.7,Q0_iv.4.1
H.4.8,Q0_iv.4.1
H.5.1,Q0_iv.5.1
H.5.2,Q0_iv.5.1
H.6.1,Q0_iv.6.1
H.6.1,Q0_iv.6.2
H.6.1,Q0_iv.6.3
H.7.1,Q0_iv.7.1
H.7.1,Q0_iv.7.2
H.7.2,None
H.7.3,Q0_iv.7.1
H.8.1,Q0_iv.8.1
H.9.1,Q0_iv.9.1
H.9.1,Q0_iv.9.3
H.9.1,Q0_iv.9.4
H.9.2,None
H.9.3,Q0_iv.9.2
H.10.1,Q0_iv.10.1
H.10.1,Q0_iv.10.2
H.10.1,Q0_iv.10.3
H.10.1,Q0_iv.10.4
H.10.2,None
H.10.3,None
